/* Can also be used for version bkuewrenseed.db.v4.3.sql*/
INSERT INTO Users(id_user,first_name,last_name) VALUES
('adm','Admin','Administrator'),
('drk','Dirk','Koudstaal')
;
INSERT INTO SeedGroups(id_seed_group,seed_group,group_description,id_user) VALUES 
(1,'flower','update','adm'),
(2,'vegetable','update','adm'),
(3,'fruit','update','adm'),
(4,'herb','update','adm'),
(5,'ornamental','update','adm')
;
INSERT INTO Companies(id_company,company_name, company_address, company_http,company_email,id_user) VALUES
(1,'Blue Wren','288 Rocky Bay Rd, Deep Bay, Tas, 7112','http://bluewrenberrygardens.com','NotEntered','adm'),
(2,'Mitre10','Kingston','http://mitre10.com.au','NotEntered','adm'),
(3,'Phoenix Seeds','NotEntered','NotEntered','NotEntered','adm'),
(4,'All Rare Herbs','NotEntered','NotEntered','NotEntered','adm'),
(5,'DT Brown','NotEntered','NotEntered','NotEntered','adm'),
(6,'Southern Harvest','NotEntered','NotEntered','NotEntered','adm'),
(7,'Australian Seed','NotEntered','NotEntered','NotEntered','adm'),
(8,'Ole Lantana Seed Store','NotEntered','NotEntered','NotEntered','adm'),
(9,'Mr Fothergills','NotEntered','NotEntered','NotEntered','adm'),
(10,'Yates','NotEntered','NotEntered','NotEntered','adm'),
(11,'Phoenix Seeds','NotEntered','NotEntered','NotEntered','adm'),
(12,'Eden Seeds','NotEntered','NotEntered','NotEntered','adm'),
(13,'Range View','NotEntered','NotEntered','NotEntered','adm'),
(14,'Bird Seed','NotEntered','NotEntered','NotEntered','adm'),
(15,'Goodman Seeds','NotEntered','NotEntered','NotEntered','adm'),
(16,'The Lost Seed Company','NotEntered','NotEntered','NotEntered','adm'),
(17,'Vilmorin','NotEntered','NotEntered','NotEntered','adm'),
(18,'Erica Vale','NotEntered','NotEntered','NotEntered','adm')
;
INSERT INTO Seeds(id_seed_variety,id_seed_group,seed_variety_name,seed_variety_description,seed_variety_notes,id_user) VALUES 
(1,1,'African Daisy Harlequin Mix','NotEntered','NotEntered','adm'),
(2,1,'Ageratum','NotEntered','NotEntered','adm'),
(3,1,'Alygyne Huegeli Purple','NotEntered','NotEntered','adm'),
(4,1,'Aster Duchess','NotEntered','NotEntered','adm'),
(5,1,'Aster Giant Ray','NotEntered','NotEntered','adm'),
(6,1,'Aster Matsumoto Mix','NotEntered','NotEntered','adm'),
(7,1,'Bergamot Panorama Mix','NotEntered','NotEntered','adm'),
(8,1,'Blue Gilia Flower','NotEntered','NotEntered','adm'),
(9,1,'Calendular','NotEntered','NotEntered','adm'),
(10,1,'Camas','NotEntered','NotEntered','adm'),
(11,1,'Celosia Pampas Plume','NotEntered','NotEntered','adm'),
(12,1,'Centaurea Bachelors Buttons','NotEntered','NotEntered','adm'),
(13,1,'Chrysanthemum coccineum Painted Daisy','NotEntered','NotEntered','adm'),
(14,1,'Chrysanthemum edible','NotEntered','NotEntered','adm'),
(15,1,'Clarkia','NotEntered','NotEntered','adm'),
(16,1,'Coneflower Purple','NotEntered','NotEntered','adm'),
(17,1,'Cornflower Blue','NotEntered','NotEntered','adm'),
(18,1,'Cornflower','NotEntered','NotEntered','adm'),
(19,1,'Cosmos Sane Stripe','NotEntered','NotEntered','adm'),
(20,1,'Dahlia Fresco','NotEntered','NotEntered','adm'),
(21,1,'Dahlia Unwins Bedding','NotEntered','NotEntered','adm'),
(22,1,'Dianthus Super Duplex','NotEntered','NotEntered','adm'),
(23,1,'Dianthus','NotEntered','NotEntered','adm'),
(24,1,'Delphinium Connecticut Yankees Mix','NotEntered','NotEntered','adm'),
(25,1,'Delphinium Pacific Giant Round','NotEntered','NotEntered','adm'),
(26,1,'Delphinium Tall Pacific Mix','NotEntered','NotEntered','adm'),
(27,1,'Felicia Amelloides','NotEntered','NotEntered','adm'),
(28,1,'Foxglove Fine','NotEntered','NotEntered','adm'),
(29,1,'Geum Mrs Bradshaw','NotEntered','NotEntered','adm'),
(30,1,'Gypsophila','NotEntered','NotEntered','adm'),
(31,1,'Larkspur Imperial Carmine King','NotEntered','NotEntered','adm'),
(32,1,'Larkspur Imperial Salmon Spire','NotEntered','NotEntered','adm'),
(33,1,'Lavender','NotEntered','NotEntered','adm'),
(34,1,'Lineria','NotEntered','NotEntered','adm'),
(35,1,'Linum rubrum Scarlet Flax','NotEntered','NotEntered','adm'),
(36,1,'Lobelia','NotEntered','NotEntered','adm'),
(37,1,'Marigold Crackerjack','NotEntered','NotEntered','adm'),
(38,1,'Mallow','NotEntered','NotEntered','adm'),
(39,1,'Marshmallow','NotEntered','NotEntered','adm'),
(40,1,'Michaelmas Daisy','NotEntered','NotEntered','adm'),
(41,1,'Mixed Flowers','NotEntered','NotEntered','adm'),
(42,1,'Mullein ','NotEntered','NotEntered','adm'),
(43,1,'New England Aster','NotEntered','NotEntered','adm'),
(44,1,'Nigella – Black Cumin','NotEntered','NotEntered','adm'),
(45,1,'Pansy','NotEntered','NotEntered','adm'),
(46,1,'Petunia Colorama F2','NotEntered','NotEntered','adm'),
(47,1,'Pimelea','NotEntered','NotEntered','adm'),
(48,1,'Phacelia','NotEntered','NotEntered','adm'),
(49,1,'Polyanthers','NotEntered','NotEntered','adm'),
(50,1,'Poppy California Double Mixed','NotEntered','NotEntered','adm'),
(51,1,'Poppy White','NotEntered','NotEntered','adm'),
(52,1,'Ranunculus','NotEntered','NotEntered','adm'),
(53,1,'Safflower','NotEntered','NotEntered','adm'),
(54,1,'Scabiosa ','NotEntered','NotEntered','adm'),
(55,1,'Shasta Daisy','NotEntered','NotEntered','adm'),
(56,1,'Statice Colours','NotEntered','NotEntered','adm'),
(57,1,'Statice Mixed','NotEntered','NotEntered','adm'),
(58,1,'Stock Australian','NotEntered','NotEntered','adm'),
(59,1,'Stock Night Scented','NotEntered','NotEntered','adm'),
(60,1,'Strawflower','NotEntered','NotEntered','adm'),
(61,1,'Sunflower Bronze Shades','NotEntered','NotEntered','adm'),
(62,1,'Sunflower Sun King','NotEntered','NotEntered','adm'),
(63,1,'Sunflower Tall Susan','NotEntered','NotEntered','adm'),
(64,1,'Sunflower Yellow Empress','NotEntered','NotEntered','adm'),
(65,1,'Sweet Pea','NotEntered','NotEntered','adm'),
(66,1,'Sweet William','NotEntered','NotEntered','adm'),
(67,1,'Wahlenbergia Native Bluebell','NotEntered','NotEntered','adm'),
(68,1,'Waratah Tasmanian','NotEntered','NotEntered','adm'),
(69,1,'Xeranthemum','NotEntered','NotEntered','adm'),
(70,1,'Zinnia Allsorts','NotEntered','NotEntered','adm'),
(71,1,'Zinnia Dahlia Flowered','NotEntered','NotEntered','adm'),
(72,1,'Zinnia Early Wonder','NotEntered','NotEntered','adm'),
(73,1,'Zinnia Giant Dahlia Flowered','NotEntered','NotEntered','adm'),
(74,1,'Zinnia Scabiosa Flowered Mix','NotEntered','NotEntered','adm'),
(75,1,'Zinnia State Fair','NotEntered','NotEntered','adm'),
(76,2,'Amaranth Leaf','NotEntered','NotEntered','adm'),
(77,2,'Artichoke','NotEntered','NotEntered','adm'),
(78,2,'Broad Beans','NotEntered','NotEntered','adm'),
(79,2,'Broccoli Calabrese','NotEntered','NotEntered','adm'),
(80,2,'Broccoli Mini','NotEntered','NotEntered','adm'),
(81,2,'Broccoli Romanesco','NotEntered','NotEntered','adm'),
(82,2,'Brussels Sprouts','NotEntered','NotEntered','adm'),
(83,2,'Cabbage Chinese','NotEntered','NotEntered','adm'),
(84,2,'Cabbage Chinese Nagaoka F1,100','NotEntered','NotEntered','adm'),
(85,2,'Cabbage January King','NotEntered','NotEntered','adm'),
(86,2,'Capsicum Banana','NotEntered','NotEntered','adm'),
(87,2,'Capsicum Yellow','NotEntered','NotEntered','adm'),
(88,2,'Capsicum Red','NotEntered','NotEntered','adm'),
(89,2,'Capsicum Black','NotEntered','NotEntered','adm'),
(90,2,'Capsicum Small Sweet Yellow','NotEntered','NotEntered','adm'),
(91,2,'Carrot','NotEntered','NotEntered','adm'),
(92,2,'Carrot Chantenay Red Cored','NotEntered','NotEntered','adm'),
(93,2,'Carrot Cosmic Purple','NotEntered','NotEntered','adm'),
(94,2,'Carrot Little Finger','NotEntered','NotEntered','adm'),
(95,2,'Carrot Paris Market','NotEntered','NotEntered','adm'),
(96,2,'Cauliflower Quick Heart','NotEntered','NotEntered','adm'),
(97,2,'Cauliflower','NotEntered','NotEntered','adm'),
(98,2,'Cauliflower Snowball','NotEntered','NotEntered','adm'),
(99,2,'Celery Red','NotEntered','NotEntered','adm'),
(100,2,'Chia','NotEntered','NotEntered','adm'),
(101,2,'Cucumber Apple','NotEntered','NotEntered','adm'),
(102,2,'Cucumber Crystal Apple','NotEntered','NotEntered','adm'),
(103,2,'Cucumber Diva','NotEntered','NotEntered','adm'),
(104,2,'Cucumber Jade F1','NotEntered','NotEntered','adm'),
(105,2,'Cucumber Lebanese','NotEntered','NotEntered','adm')
;
INSERT INTO SeedPackets(id_seed_packet,id_seed_variety,id_company,date_purchased,date_use_by,seed_count,seed_gram,packet_treatment,id_location,id_user) VALUES
(1,1,7,'2015-05-04','',30,null,null,null,'adm'),
(2,2,1,'','',200,null,null,null,'adm'),
(3,3,1,'','',30,null,null,null,'adm'),
(4,4,1,'','',20,null,null,null,'adm'),
(5,5,7,'','',100,null,null,null,'adm'),
(6,6,8,'','',30,null,null,null,'adm'),
(7,7,9,'','',75,null,null,null,'adm'),
(8,8,1,'','',100,null,null,null,'adm'),
(9,9,1,'','',200,null,null,null,'adm'),
(10,9,10,'','',5,null,null,null,'adm'),
(11,10,11,'','',20,null,null,null,'adm'),
(12,11,7,'','',1000,null,null,null,'adm'),
(13,12,12,'','',100,null,null,null,'adm'),
(14,13,7,'','',100,null,null,null,'adm'),
(15,14,1,'','',500,null,null,null,'adm'),
(16,15,12,'','',20,null,null,null,'adm'),
(17,16,11,'','',50,null,null,null,'adm'),
(18,17,1,'','',100,null,null,null,'adm'),
(19,18,5,'','',500,null,null,null,'adm'),
(20,18,10,'','',5,null,null,null,'adm'),
(21,19,9,'','',100,null,null,null,'adm'),
(22,20,8,'','',30,null,null,null,'adm'),
(23,21,13,'2015-05-04','',30,null,null,null,'adm'),
(24,22,7,'','',50,null,null,null,'adm'),
(25,23,8,'','',20,null,null,null,'adm'),
(26,24,7,'2015-05-04','',50,null,null,null,'adm'),
(27,25,7,'2015-05-04','',50,null,null,null,'adm'),
(28,26,7,'2015-05-04','',50,null,null,null,'adm'),
(29,27,1,'','',100,null,null,null,'adm'),
(30,28,10,'','',30,null,null,null,'adm'),
(31,29,7,'2015-05-04','',60,null,null,null,'adm'),
(32,30,5,'','',1000,null,null,null,'adm'),
(33,31,7,'2015-05-04','',50,null,null,null,'adm'),
(34,32,7,'2015-05-04','',50,null,null,null,'adm'),
(35,33,1,'','',500,null,null,null,'adm'),
(36,34,1,'','',100,null,null,null,'adm'),
(37,35,7,'','',20,null,null,null,'adm'),
(38,36,1,'','',50,null,null,null,'adm'),
(39,37,10,'','',20,null,null,null,'adm'),
(40,38,1,'','',20,null,null,null,'adm'),
(41,39,1,'','',20,null,null,null,'adm'),
(42,40,1,'','',20,null,null,null,'adm'),
(43,41,1,'','',100,null,null,null,'adm'),
(44,42,6,'','',20,null,null,null,'adm'),
(45,43,12,'','',20,null,null,null,'adm'),
(46,44,13,'2015-05-04','',220,null,null,null,'adm'),
(47,45,1,'','',100,null,null,null,'adm'),
(48,46,5,'','',400,null,null,null,'adm'),
(49,47,1,'','',20,null,null,null,'adm'),
(50,48,11,'','',1000,null,null,null,'adm'),
(51,49,1,'','',5,null,null,null,'adm'),
(52,50,9,'','',300,null,null,null,'adm'),
(53,51,1,'','',100,null,null,null,'adm'),
(54,52,1,'','',100,null,null,null,'adm'),
(55,53,14,'','',20,null,null,null,'adm'),
(56,54,1,'','',100,null,null,null,'adm'),
(57,55,1,'','',500,null,null,null,'adm'),
(58,56,1,'','',30,null,null,null,'adm'),
(59,57,5,'','',100,null,null,null,'adm'),
(60,58,1,'','',20,null,null,null,'adm'),
(61,59,9,'','',1000,null,null,null,'adm'),
(62,60,1,'','',200,null,null,null,'adm'),
(63,60,9,'','',500,null,null,null,'adm'),
(64,61,10,'','',10,null,null,null,'adm'),
(65,62,5,'','',45,null,null,null,'adm'),
(66,63,15,'','',40,null,null,null,'adm'),
(67,64,10,'','',20,null,null,null,'adm'),
(68,65,1,'','',20,null,null,null,'adm'),
(69,66,12,'','',50,null,null,null,'adm'),
(70,66,1,'','',100,null,null,null,'adm'),
(71,67,1,'','',20,null,null,null,'adm'),
(72,68,13,'','',8,null,null,null,'adm'),
(73,69,9,'2015-05-04','',250,null,null,null,'adm'),
(74,70,9,'','',75,null,null,null,'adm'),
(75,71,5,'','',130,null,null,null,'adm'),
(76,71,5,'','',130,null,null,null,'adm'),
(77,72,9,'','',100,null,null,null,'adm'),
(78,73,8,'','',20,null,null,null,'adm'),
(79,74,7,'','',20,null,null,null,'adm'),
(80,75,8,'','',20,null,null,null,'adm'),
(81,76,11,'','',1000,null,null,null,'adm'),
(82,77,16,'','',20,null,null,null,'adm'),
(83,78,15,'','',null,50,null,null,'adm'),
(84,79,17,'','',null,8,null,null,'adm'),
(85,80,18,'','',20,null,null,null,'adm'),
(86,81,17,'','',null,2,null,null,'adm'),
(87,82,15,'','',100,null,null,null,'adm'),
(88,83,10,'','',20,null,null,null,'adm'),
(89,84,9,'','',100,null,null,null,'adm'),
(90,85,11,'','',20,null,null,null,'adm'),
(91,86,1,'','',20,null,null,null,'adm'),
(92,87,1,'','',20,null,null,null,'adm'),
(93,88,1,'','',100,null,null,null,'adm'),
(94,89,1,'','',null,50,null,null,'adm'),
(95,90,1,'','',10,null,null,null,'adm'),
(96,91,1,'','',100,null,null,null,'adm'),
(97,92,9,'','',null,15,null,null,'adm'),
(98,93,13,'','',550,null,null,null,'adm'),
(99,94,16,'','',100,null,null,null,'adm'),
(100,95,13,'2015-05-04','',100,null,null,null,'adm'),
(101,96,9,'','',250,null,null,null,'adm'),
(102,97,5,'','',20,null,null,null,'adm'),
(103,98,12,'','',20,null,null,null,'adm'),
(104,99,11,'','',200,null,null,null,'adm'),
(105,100,16,'','',100,null,null,null,'adm'),
(106,101,10,'','',10,null,null,null,'adm'),
(107,102,11,'','',10,null,null,null,'adm'),
(108,103,11,'','',null,50,null,null,'adm'),
(109,104,11,'','',10,null,null,null,'adm'),
(110,105,5,'','',20,null,null,null,'adm'),
(111,105,12,'','',20,null,null,null,'adm')
;

